Domain;BL;DP;ABY;ACR;Alexa;Dmoz;C;N;O;D;Reg;RDT;Dropped;Status
billigtrelast.no;0;0;-;0;0;-;unknown;unknown;unknown;unknown;0;-;Today14:25;available
villashalimar.no;0;0;-;0;0;-;unknown;unknown;unknown;unknown;0;-;Today14:25;available
gulladen.no;0;0;-;0;0;-;unknown;unknown;unknown;unknown;0;-;Today14:20;available
naringsmeglertommy.no;0;0;-;0;0;-;unknown;unknown;unknown;unknown;0;-;Today14:20;available
brandfilter.no;0;0;-;0;0;-;unknown;unknown;unknown;unknown;0;-;Today14:20;available
paradisbar.no;0;0;-;0;0;-;unknown;unknown;unknown;unknown;0;-;Today14:20;available
betelhalden.no;0;0;-;0;0;-;unknown;unknown;unknown;unknown;0;-;Today14:20;available
RawWithin.com.au;0;0;-;0;0;-;registered;available;available;available;2;4;Today14:20;available
HomeFixed.com.au;0;0;-;0;0;-;registered;available;available;available;4;8;Today14:20;available
GearBear.com.au;0;0;-;0;0;-;registered;registered;available;registered;12;15;Today14:20;available
gastrofrio.cl;0;0;2016;13;0;-;registered;available;available;available;4;2;Today14:20;available
LowOnCode.app;0;0;-;0;0;-;registered;available;available;available;2;2;Today14:20;available
dehdiseno.cl;2;2;2010;19;0;-;available;available;available;available;1;-;Today14:19;available
online46a.ru;0;0;-;0;0;-;available;available;available;available;1;-;Today14:18;available
oboikin-tut.ru;0;0;-;0;0;-;available;available;available;available;1;-;Today14:18;available
nemdinsa.ru;0;0;-;0;0;-;available;available;available;available;1;-;Today14:18;available
nabordlyatvorchestva24.ru;0;0;-;0;0;-;available;available;available;available;1;-;Today14:18;available
MyBabyTour.ru;0;0;-;0;0;-;registered;available;available;available;2;2;Today14:18;available
mokeoygxr.ru;0;0;-;0;0;-;available;available;available;available;1;-;Today14:18;available
MiosKras.ru;0;0;-;0;0;-;available;available;available;available;1;-;Today14:18;available
MatuShino.ru;0;0;-;0;0;-;available;available;available;available;1;-;Today14:18;available
marksa89.ru;0;0;-;0;0;-;available;available;available;available;1;-;Today14:18;available
LunchAir.ru;0;0;-;0;0;-;registered;available;available;available;3;2;Today14:18;available
lisicaspb.ru;0;0;-;0;0;-;available;available;available;available;1;-;Today14:18;available
kr-razgruzka.ru;0;0;-;0;0;-;available;available;available;available;1;-;Today14:18;available
